107,-71,146.94688320159912,99.9052107334137,0.0025329989512101747,-1.8728555062352825e-05
104,-58,146.94846868515015,99.8952567577362,0.0025330007701995783,-1.8742574070529372e-05
105,-57,146.94710969924927,99.90348219871521,0.0025330007701995783,-1.8742574070529372e-05
105,-57,146.9484806060791,99.90396499633789,0.005040395990363322,0.00032662433113728184
106,-59,146.94677591323853,99.90597367286682,0.002533002589188982,-1.8754843722490477e-05
106,-59,146.94948196411133,99.90403652191162,0.002533002589188982,-1.8754843722490477e-05
107,-61,146.94591760635376,99.89351630210876,0.0025330029529868625,-1.8757059194740577e-05
107,-61,146.9470739364624,99.90221858024597,0.0025330029529868625,-1.8757059194740577e-05
109,-63,146.9457745552063,99.90549087524414,0.0025330029529868625,-1.8757059194740577e-05
109,-63,146.94536924362183,99.90151524543762,0.0025330029529868625,-1.8757059194740577e-05
108,-67,146.94745540618896,99.90249872207642,0.0025330014977953397,-1.8746978014405613e-05
108,-67,146.9466209411621,99.90297555923462,0.00253300167969428,-1.8749211960766843e-05
106,-72,146.94663286209106,99.90326762199402,0.002533004771976266,-1.8770978726934118e-05
106,-72,146.94678783416748,99.90396499633789,0.0025330044081783853,-1.8768375298350293e-05
104,-71,146.9465732574463,99.90442395210266,0.0025330044081783853,-1.8768375298350293e-05
104,-71,146.9480037689209,99.90342855453491,0.0025330038624815643,-1.8763719822345593e-05
104,-71,146.94443941116333,99.90294575691223,0.0025330038624815643,-1.8763719822345593e-05
104,-72,146.94645404815674,99.9028205871582,0.0025330038624815643,-1.8763719822345593e-05
104,-73,146.9494342803955,99.90282654762268,0.0025330038624815643,-1.8763719822345593e-05
104,-70,146.94523811340332,99.90406632423401,0.0025330038624815643,-1.8763719822345593e-05
104,-68,146.9475269317627,99.90204572677612,0.0025330018615932204,-1.875059183475969e-05
104,-64,146.9470739364624,99.90422129631042,0.0025330018615932204,-1.875059183475969e-05
104,-64,146.9460964202881,99.90227222442627,0.0025330018615932204,-1.875059183475969e-05
105,-61,146.94528579711914,99.90230798721313,0.0025330018615932204,-1.875059183475969e-05
105,-61,146.9460964202881,99.90513920783997,0.0025330018615932204,-1.874967523463056e-05
106,-61,146.94747924804688,99.90214705467224,0.0025330018615932204,-1.874967523463056e-05
106,-61,146.94682359695435,99.90449547767639,0.005040367250330746,0.0003268332420702791
106,-62,146.94814682006836,99.90392923355103,0.002533003134885803,-1.8758817077468848e-05
106,-62,146.94606065750122,99.90136623382568,0.002533003134885803,-1.8758817077468848e-05
106,-61,146.94812297821045,99.89550709724426,0.002533003134885803,-1.8758817077468848e-05
106,-62,146.948504447937,99.9017059803009,0.005040363612351939,0.00032686045869922964
106,-62,146.94887399673462,99.90519881248474,0.005040355972596444,0.00032691509659343865
106,-61,146.950101852417,99.90525841712952,0.0025330054995720275,-1.877605768640933e-05
107,-58,146.94660902023315,99.89445209503174,0.0025330054995720275,-1.877605768640933e-05
107,-59,146.9491720199585,99.90299940109253,0.0025330054995720275,-1.877605768640933e-05
106,-60,146.9454050064087,99.90537762641907,0.0025330049538752064,-1.8772553289636562e-05
106,-61,146.95134162902832,99.9024748802185,0.0025330049538752064,-1.8772553289636562e-05
105,-62,146.94843292236328,99.90559220314026,0.0025330049538752064,-1.8772553289636562e-05
106,-65,146.94843292236328,99.90153312683105,0.0025330049538752064,-1.8772553289636562e-05
106,-65,146.9448447227478,99.90084767341614,2.5661771019258595e-05,-0.00036451619962463155
107,-70,146.94805145263672,99.90378618240356,0.0025330044081783853,-1.8768795939649863e-05
107,-70,146.94887399673462,99.90355372428894,0.0025330065909656696,-1.878474051864032e-05
109,-71,146.94772958755493,99.90379214286804,0.0025330065909656696,-1.878474051864032e-05
109,-71,146.94772958755493,99.90483522415161,0.0025330065909656696,-1.878474051864032e-05
108,-72,146.94913625717163,99.89346861839294,0.005040345786255784,0.00032698885661375243
108,-72,146.94584608078003,99.90512132644653,2.5666778924460232e-05,-0.0003645520791906165
106,-73,146.9502329826355,99.90354776382446,0.0025330033167847432,-1.8760158582153963e-05
106,-74,146.95016145706177,99.90612268447876,0.0025330033167847432,-1.8760158582153963e-05
106,-77,146.9490885734558,99.90212917327881,0.005040326504968107,0.0003271289870099281
107,-77,146.94749116897583,99.90562200546265,0.00253300167969428,-1.8747857666312484e-05
108,-76,146.9502091407776,99.8922348022461,0.00253300167969428,-1.8747857666312484e-05
106,-74,146.9460129737854,99.90425705909729,0.0025330045900773257,-1.876851314364103e-05
106,-72,146.95051908493042,99.90195035934448,0.0025330044081783853,-1.876719437632346e-05
104,-68,146.94644212722778,99.9057948589325,0.0025330044081783853,-1.876719437632346e-05
104,-68,146.95054292678833,99.90133047103882,0.0025330044081783853,-1.876719437632346e-05
104,-64,146.94693088531494,99.90224838256836,0.0025330044081783853,-1.876719437632346e-05
104,-64,146.94743156433105,99.9021828174591,0.0025330045900773257,-1.8767462961477577e-05
104,-63,146.95054292678833,99.90472197532654,0.0025330045900773257,-1.8767462961477577e-05
104,-63,146.9452977180481,99.90058541297913,0.00253300677286461,-1.8783228483698622e-05
106,-64,146.9473958015442,99.9041736125946,0.005040327596361749,0.0003271248260716675
106,-64,146.94688320159912,99.90357756614685,0.002533008773752954,-1.879509738955676e-05
107,-61,146.9536304473877,99.89684224128723,0.002533008773752954,-1.879509738955676e-05
107,-60,147.7950930595398,99.8491644859314,0.20059931557625532,0.027394958306103945
106,-59,149.7320532798767,99.80698227882385,1.2650097720324993,0.18281289376318455
106,-61,151.6923189163208,99.77545142173767,3.8589108735322952,0.6000361870974302
107,-63,153.65735292434692,99.72748160362244,5.19292876124382,0.8172769099473953
107,-62,155.74902296066284,99.68984723091125,7.818085700273514,1.2473506852984428
108,-61,157.74413347244263,99.60567951202393,9.13623571395874,1.4674787409603596
111,-59,159.7140669822693,99.55249428749084,11.754101514816284,1.9105169922113419
112,-56,161.6632342338562,99.47203397750854,13.278688490390778,2.1698368713259697
115,-61,163.59513998031616,99.42178130149841,15.992364287376404,2.6382355019450188
115,-61,165.59549570083618,99.33886528015137,17.284119129180908,2.8625907376408577
121,-36,167.5539493560791,99.3016242980957,19.924426078796387,3.3244680613279343
121,-36,169.4977879524231,99.19098615646362,21.22552990913391,3.554132580757141
128,-21,171.4686632156372,99.13740158081055,23.82475733757019,4.015777632594109
128,-21,173.5454797744751,99.03782606124878,25.822874903678894,4.3736811727285385
133,-45,175.50345659255981,98.9851176738739,27.133291959762573,4.608793556690216
133,-49,177.5168538093567,98.90320301055908,30.107438564300537,5.145002901554108
138,-67,179.47134971618652,98.83061051368713,31.404823064804077,5.381081998348236
139,-67,181.45750761032104,98.76626133918762,32.69694149494171,5.617811158299446
143,-72,183.40773582458496,98.6626148223877,35.300883650779724,6.096078455448151
144,-74,185.3386402130127,98.60207438468933,37.240079045295715,6.452634185552597
147,-76,187.33210563659668,98.46048951148987,39.97863531112671,6.95456936955452
149,-72,189.3734097480774,98.41529726982117,41.94786846637726,7.3157064616680145
152,-72,191.290020942688,98.31022024154663,43.232473731040955,7.551317662000656
151,-71,193.26999187469482,98.26359152793884,44.57213282585144,7.79540091753006
151,-71,195.2235460281372,98.1854498386383,47.31626808643341,8.294976502656937
155,-79,197.20710515975952,98.11549782752991,49.278610944747925,8.651585876941681
155,-79,199.1555690765381,98.06076288223267,50.61126351356506,8.89175683259964
161,-77,201.0173797607422,97.96102643013,53.40830087661743,9.397467970848083
161,-77,203.11338901519775,97.93244004249573,55.34902215003967,9.745612740516663
165,-63,205.06153106689453,97.88262844085693,57.38942623138428,10.111483186483383
165,-64,206.95865154266357,97.75024056434631,58.70216488838196,10.347989201545715
168,-62,208.9785099029541,97.71629571914673,60.936760902404785,10.749410092830658
169,-62,210.91880798339844,97.66902327537537,63.12437057495117,11.14039495587349
172,-61,212.82553672790527,97.55349159240723,64.44982886314392,11.377660185098648
173,-61,214.79814052581787,97.54019975662231,67.07127094268799,11.84452548623085
177,-61,216.8151617050171,97.50175476074219,68.40426325798035,12.082783877849579
177,-63,218.81961822509766,97.35089540481567,71.68280482292175,12.67101764678955
181,-63,220.8470344543457,97.33096957206726,73.01030158996582,12.911233305931091
183,-65,222.7060079574585,97.21077680587769,75.67464709281921,13.396866619586945
183,-65,224.69782829284668,97.13658094406128,77.31544375419617,13.696755468845367
189,-64,226.64613723754883,97.00231552124023,79.15001511573792,14.034505188465118
189,-64,228.68356704711914,96.97601795196533,81.0438871383667,14.385601878166199
195,-65,230.64815998077393,96.85060977935791,82.35291838645935,14.628323912620544
195,-65,232.58798122406006,96.77883386611938,84.94033217430115,15.112410485744476
202,-64,234.60280895233154,96.75460457801819,86.246258020401,15.357953310012817
202,-64,236.59045696258545,96.65421843528748,89.56889510154724,15.98617285490036
206,-59,238.57457637786865,96.58877849578857,90.90378284454346,16.24200940132141
207,-60,240.55442810058594,96.43902778625488,92.87445545196533,16.62285476922989
211,-62,242.6173448562622,96.37272953987122,94.80944871902466,17.001570761203766
211,-63,244.58069801330566,96.27608060836792,96.75413370132446,17.383450269699097
216,-65,246.56057357788086,96.18903994560242,97.39499688148499,17.508845031261444
217,-66,248.52287769317627,96.11821174621582,100.67331790924072,18.15301477909088
220,-66,250.49407482147217,96.05099558830261,102.6203989982605,18.535888195037842
219,-66,252.44412422180176,95.93476057052612,105.23335933685303,19.048014283180237
221,-67,254.3623685836792,95.85398435592651,106.60438537597656,19.316937029361725
220,-66,256.48205280303955,95.84078192710876,108.5594892501831,19.698336720466614
220,-66,258.47342014312744,95.67102789878845,110.5388879776001,20.08732706308365
227,-66,260.43856143951416,95.61142921447754,111.9293212890625,20.362477004528046
227,-66,262.4103307723999,95.52245140075684,114.42439556121826,20.857608318328857
231,-66,264.3914461135864,95.47646641731262,116.43238067626953,21.258579194545746
231,-66,266.32254123687744,95.33649682998657,118.37319135665894,21.646982431411743
235,-64,268.3344841003418,95.29260993003845,120.37595510482788,22.048281133174896
235,-64,270.23775577545166,95.18744945526123,122.95420169830322,22.56634384393692
235,-64,272.27187156677246,95.10634541511536,124.89750385284424,22.95517474412918
235,-64,274.22587871551514,95.01968622207642,126.19549036026001,23.215027153491974
235,-64,276.1931896209717,94.92700695991516,128.41683626174927,23.659157752990723
235,-64,278.2302141189575,94.83200907707214,130.4321050643921,24.06243085861206
235,-64,280.198073387146,94.73392963409424,132.3844075202942,24.45792704820633
235,-64,282.15558528900146,94.66028213500977,134.33823585510254,24.858573079109192
235,-64,284.09926891326904,94.51902508735657,136.4972472190857,25.304418802261353
235,-64,286.04583740234375,94.45522427558899,138.43016624450684,25.70621371269226
235,-64,288.04662227630615,94.31007504463196,139.71643447875977,25.97285807132721
235,-64,290.05444049835205,94.25134062767029,142.42281913757324,26.533877849578857
235,-64,291.9919967651367,94.14076209068298,143.93917322158813,26.850271224975586
235,-64,293.9627170562744,94.02562379837036,145.89627981185913,27.260059118270874
235,-64,295.94175815582275,93.93312335014343,147.83563613891602,27.668175101280212
235,-64,297.8994607925415,93.75616908073425,149.77929592132568,28.080379962921143
235,-64,299.93088245391846,93.69227886199951,151.77186727523804,28.505945205688477
235,-64,301.9069194793701,93.549245595932,153.07304859161377,28.787705302238464
235,-64,303.84113788604736,93.41691136360168,155.6562304496765,29.356053471565247
235,-64,305.90476989746094,93.30516457557678,158.2826852798462,29.93973195552826
235,-64,307.88395404815674,93.19121241569519,160.3274703025818,30.3989976644516
235,-64,309.8881244659424,93.08884739875793,161.64109706878662,30.694827437400818
235,-64,311.84048652648926,92.94626712799072,164.25511837005615,31.287682056427002
235,-64,313.80488872528076,92.8224265575409,165.52116870880127,31.575894355773926
235,-64,315.7961130142212,92.67770648002625,166.8492317199707,31.876760721206665
235,-64,317.75546073913574,92.58605241775513,169.45781707763672,32.47064650058746
235,-64,319.8452949523926,92.4115777015686,172.03822135925293,33.062902092933655
235,-64,321.8156099319458,92.30615496635437,174.02045726776123,33.5232138633728
235,-64,323.75431060791016,92.12453365325928,175.3756880760193,33.84140431880951
235,-64,325.8134365081787,92.019122838974,177.55833864212036,34.35616195201874
235,-64,327.8162717819214,91.89168214797974,179.30939197540283,34.77131426334381
235,-64,329.76815700531006,91.7216420173645,181.27429485321045,35.23898422718048
235,-64,331.7274808883667,91.60707592964172,184.17500257492065,35.9287828207016
235,-64,333.6758852005005,91.44776463508606,185.4527711868286,36.2336128950119
235,-64,335.6741428375244,91.34500026702881,187.36090660095215,36.68834865093231
235,-64,337.6702308654785,91.14310145378113,189.31822776794434,37.155064940452576
235,-64,339.62247371673584,91.017746925354,190.61517715454102,37.4667227268219
235,-64,341.72840118408203,90.85354804992676,192.7753448486328,37.98847198486328
235,-64,343.68624687194824,90.71672558784485,194.90257501602173,38.5064423084259
235,-64,345.5703020095825,90.56603908538818,196.83653116226196,38.98359537124634
235,-64,347.6289749145508,90.37952423095703,198.89771938323975,39.49452340602875
235,-64,349.5699882507324,90.24582505226135,200.82783699035645,39.9766206741333
235,-64,351.578950881958,90.06101489067078,203.47204208374023,40.639305114746094
235,-64,353.4741163253784,89.90336656570435,204.75571155548096,40.96255004405975
235,-64,355.4164171218872,89.71995115280151,206.75792694091797,41.46929383277893
235,-64,357.4711799621582,89.57052826881409,208.70153903961182,41.960033774375916
235,-64,359.4557523727417,89.36732411384583,210.00678539276123,42.29087829589844
235,-64,361.5109920501709,89.2007827758789,212.7307891845703,42.98889935016632
235,-64,363.4822607040405,89.04547691345215,214.65919017791748,43.48800182342529
235,-64,365.4172658920288,88.89208436012268,216.56129360198975,43.987590074539185
235,-64,367.41793155670166,88.70884776115417,218.58501434326172,44.52240467071533
235,-64,369.39570903778076,88.47782611846924,220.52764892578125,45.03718018531799
235,-64,371.251916885376,88.34136128425598,221.83129787445068,45.38426101207733
235,-64,373.29370975494385,88.12329769134521,224.37984943389893,46.06285095214844
235,-64,375.24523735046387,87.98065781593323,225.68554878234863,46.41205370426178
235,-64,377.16825008392334,87.7970039844513,227.70731449127197,46.954235434532166
235,-64,379.28709983825684,87.60671615600586,229.8222541809082,47.52025008201599
235,-64,381.2498092651367,87.43111491203308,231.64808750152588,48.01124632358551
235,-64,383.213210105896,87.19723224639893,234.33547019958496,48.73896837234497
235,-64,385.17510890960693,87.00165748596191,235.6517791748047,49.097493290901184
235,-64,387.0305299758911,86.80581450462341,237.5774621963501,49.62635040283203
235,-64,389.0056848526001,86.63099408149719,239.46154117584229,50.14435052871704
235,-64,391.01738929748535,86.42774820327759,242.12162494659424,50.87595582008362
235,-64,393.02706718444824,86.2467110157013,243.3953046798706,51.22717022895813
235,-64,394.9669122695923,86.06796264648438,245.80416679382324,51.88910365104675
235,-64,396.96192741394043,85.8568549156189,247.37577438354492,52.32149958610535
235,-64,398.91228675842285,85.6578528881073,249.99892711639404,53.044164180755615
235,-64,400.9051322937012,85.48211455345154,251.30422115325928,53.40448021888733
235,-64,402.8824806213379,85.25822162628174,253.8569450378418,54.116034507751465
235,-64,404.45313453674316,85.14404296875,255.1142930984497,54.46930527687073
235,-64,404.4900894165039,85.0910484790802,256.3275337219238,54.811131954193115
235,-64,404.2940139770508,85.09697318077087,256.4618110656738,54.8479437828064
235,-64,404.07848358154297,85.15006899833679,256.4765214920044,54.851746559143066
235,-64,403.8693428039551,85.15794277191162,256.4863920211792,54.85401153564453
235,-64,403.68475914001465,85.11261343955994,256.49383068084717,54.85554337501526
235,-64,403.4794807434082,85.10924577713013,256.50877952575684,54.858243465423584
235,-64,403.16338539123535,85.11276245117188,256.5187692642212,54.859840869903564
235,-64,403.02295684814453,85.06173491477966,256.51376247406006,54.85915541648865
235,-64,402.8005599975586,85.06529927253723,256.503701210022,54.85805869102478
235,-64,402.57763862609863,85.04199385643005,256.49611949920654,54.85738515853882
235,-64,402.32982635498047,85.00477075576782,256.498646736145,54.85756993293762
235,-64,402.1059989929199,84.96629595756531,256.49611949920654,54.857444763183594
235,-64,401.8913269042969,84.91247892379761,256.49359226226807,54.85737323760986
235,-64,401.68185234069824,84.91412401199341,256.4885377883911,54.85727787017822
235,-64,401.4730453491211,84.8054587841034,256.49359226226807,54.85721826553345
235,-64,401.20792388916016,84.7919225692749,256.4885377883911,54.857391119003296
235,-64,401.02009773254395,84.75584983825684,256.4885377883911,54.85737323760986
235,-64,400.8119583129883,84.67318415641785,256.4910411834717,54.85711693763733
235,-64,400.61283111572266,84.6311628818512,256.4884901046753,54.85735535621643
235,-64,400.4009246826172,84.53445434570312,256.49099349975586,54.85700964927673
235,-64,400.22053718566895,84.48073863983154,256.4859867095947,54.85773682594299
235,-64,399.99170303344727,84.4281792640686,256.4934730529785,54.85646724700928
235,-64,399.8097896575928,84.31652784347534,256.50837421417236,54.85360026359558
235,-64,399.6296167373657,84.2020571231842,256.5009593963623,54.85522747039795
235,-64,399.3920564651489,84.10863876342773,256.49359226226807,54.857051372528076
235,-64,399.18949604034424,84.02168154716492,256.4838171005249,54.85967397689819
235,-64,398.9743232727051,83.88902544975281,256.48138523101807,54.860442876815796
235,-64,398.7635135650635,83.79244208335876,256.47175312042236,54.86350655555725
235,-64,398.5882759094238,83.68056416511536,256.4621925354004,54.86682653427124
235,-64,398.3602046966553,83.53477120399475,256.4622163772583,54.86685037612915
235,-64,398.1924533843994,83.43823552131653,256.4622163772583,54.86685037612915
235,-64,398.01788330078125,83.29622745513916,256.4575433731079,54.868775606155396
235,-64,397.84090518951416,83.17127227783203,256.45525455474854,54.8698365688324
235,-64,397.67186641693115,83.04157853126526,256.46440982818604,54.86555099487305
235,-64,397.4900722503662,82.90036916732788,256.46893978118896,54.86328601837158
235,-64,397.3640203475952,82.74646401405334,256.4666986465454,54.864442348480225
235,-64,397.20122814178467,82.65367150306702,256.46891593933105,54.86325025558472
235,-64,397.06432819366455,82.49199390411377,256.4908027648926,54.85053062438965
235,-64,396.8964099884033,82.33677744865417,256.4929723739624,54.84922528266907
235,-64,396.74832820892334,82.17153549194336,256.4972400665283,54.846519231796265
235,-64,396.59361839294434,82.01605081558228,256.49304389953613,54.84936237335205
235,-64,396.4246988296509,81.86855912208557,256.4951181411743,54.84790802001953
235,-64,396.27718925476074,81.71253204345703,256.4951181411743,54.84790802001953
235,-64,396.12510204315186,81.5841794013977,256.48515224456787,54.85571026802063
235,-64,396.00563049316406,81.33614659309387,256.48515224456787,54.85572814941406
235,-64,395.877480506897,81.1501681804657,256.4870834350586,54.85409498214722
235,-64,395.6984519958496,80.97732067108154,256.4852237701416,54.85579967498779
235,-64,395.6324338912964,80.77189326286316,256.4852237701416,54.85579967498779
235,-64,395.49622535705566,80.63704371452332,256.48341178894043,54.85755205154419
235,-64,395.3869581222534,80.4225504398346,256.48515224456787,54.85571622848511
235,-64,395.23653984069824,80.2209734916687,256.48345947265625,54.857587814331055
235,-64,395.1383352279663,80.06152510643005,256.48515224456787,54.85571622848511
235,-64,395.01914978027344,79.84533905982971,256.48515224456787,54.85570430755615
235,-64,394.9591875076294,79.71914410591125,256.48837089538574,54.85180616378784
235,-64,394.8519468307495,79.49418425559998,256.49471282958984,54.843902587890625
235,-64,394.7697877883911,79.30874824523926,256.4978361129761,54.83992099761963
235,-64,394.73769664764404,79.10589575767517,256.4948797225952,54.84403371810913
235,-64,394.6250915527344,78.89283299446106,256.4934492111206,54.84611988067627
235,-64,394.53039169311523,78.66984009742737,256.48932456970215,54.852497577667236
235,-64,394.43976879119873,78.47976088523865,256.4852714538574,54.85892295837402
235,-64,394.3777799606323,78.27548384666443,256.4826965332031,54.86328601837158
235,-64,394.28064823150635,78.01934480667114,256.48396015167236,54.86109256744385
235,-64,394.2922592163086,77.78163552284241,256.48157596588135,54.865562915802
235,-64,394.1898822784424,77.57550477981567,256.48040771484375,54.86781597137451
235,-64,394.18938159942627,77.38215923309326,256.48040771484375,54.86781597137451
235,-64,394.1110372543335,77.1757185459137,256.48252964019775,54.86322045326233
235,-64,394.028902053833,76.95298194885254,256.4815044403076,54.865533113479614
235,-64,394.0359115600586,76.76281332969666,256.48345947265625,54.860860109329224
235,-64,394.0040349960327,76.54625177383423,256.4852714538574,54.856133460998535
235,-64,393.979811668396,76.32372379302979,256.4887046813965,54.84660863876343
235,-64,393.9718723297119,76.11348032951355,256.4910888671875,54.839396476745605
235,-64,393.9587354660034,75.92555284500122,256.49261474609375,54.834574460983276
235,-64,393.94896030426025,75.71480870246887,256.49542808532715,54.82485294342041
235,-64,393.91510486602783,75.49274563789368,256.4960479736328,54.822397232055664
235,-64,393.94285678863525,75.22293329238892,256.49542808532715,54.82485294342041
235,-64,393.94097328186035,75.01570582389832,256.4938545227051,54.832279682159424
235,-64,393.9368963241577,74.79562759399414,256.49242401123047,54.8397421836853
235,-64,393.88980865478516,74.56684708595276,256.49240016937256,54.839736223220825
235,-64,393.95952224731445,74.31984543800354,256.4920663833618,54.84224557876587
235,-64,394.01402473449707,74.10734295845032,256.4911127090454,54.84977960586548
235,-64,393.969202041626,73.98030757904053,256.4911127090454,54.84977960586548
235,-64,393.8472509384155,75.23543238639832,256.5171957015991,54.4989287853241
235,-64,393.6227560043335,77.31310725212097,256.6462278366089,52.706509828567505
235,-64,393.3844566345215,79.24419641494751,256.8042278289795,50.5126953125
235,-64,393.1694030761719,81.18169903755188,256.976056098938,48.14985394477844
235,-64,392.89517402648926,83.14103484153748,257.0702791213989,46.83961272239685
235,-64,392.68198013305664,85.09117364883423,257.2583198547363,44.193726778030396
235,-64,392.46482849121094,87.02027797698975,257.3533535003662,42.87339448928833
235,-64,392.2463893890381,89.00705575942993,257.5430393218994,40.26823043823242
235,-64,392.01908111572266,91.07862710952759,257.6944351196289,38.22365999221802
235,-64,391.75188541412354,93.01005601882935,257.8451633453369,36.22472584247589
235,-64,391.57612323760986,95.07129192352295,257.9465627670288,34.90232825279236
235,-64,391.3281440734863,96.9934344291687,258.1779479980469,31.993195414543152
235,-64,391.13712310791016,98.97511601448059,258.2867383956909,30.67900240421295
235,-64,390.9214973449707,100.93876123428345,258.4559202194214,28.65614891052246
235,-64,390.7343864440918,102.9083251953125,258.62410068511963,26.671311259269714
235,-64,390.49742221832275,104.84105348587036,258.85064601898193,24.030981957912445
235,-64,390.2998685836792,106.80779218673706,258.9669466018677,22.699648141860962
235,-64,390.1240110397339,108.74820947647095,259.2066526412964,20.035070180892944
235,-64,389.89336490631104,110.7994556427002,259.32536125183105,18.736986815929413
235,-64,389.71338272094727,112.85426616668701,259.52441692352295,16.574473679065704
235,-64,389.51003551483154,114.79148864746094,259.71052646636963,14.563274383544922
235,-64,389.33465480804443,116.82043075561523,259.89983081817627,12.547290325164795
235,-64,389.12651538848877,118.77431869506836,260.0918769836426,10.554449260234833
235,-64,388.96472454071045,120.7679271697998,260.3513240814209,7.917150855064392
235,-64,388.7947082519531,122.78561592102051,260.55119037628174,5.9149011969566345
235,-64,388.602089881897,124.72453117370605,260.6876611709595,4.565130919218063
235,-64,388.42806816101074,126.72260999679565,260.90476512908936,2.4450579658150673
235,-64,388.22498321533203,128.70447635650635,261.1733913421631,-0.135340285487473
235,-64,388.0781888961792,130.61645030975342,261.3112688064575,-1.4315281063318253
235,-64,387.88793087005615,132.60985612869263,261.60409450531006,-4.212988168001175
235,-64,387.7143859863281,134.6793293952942,261.74840927124023,-5.572124198079109
235,-64,387.5520706176758,136.65075302124023,262.0335817337036,-8.22458267211914
235,-64,387.3837947845459,138.64957094192505,262.18016147613525,-9.560564905405045
235,-64,387.256121635437,140.56601524353027,262.4762296676636,-12.201642990112305
431,-110,387.0671272277832,142.52887964248657,262.62502670288086,-13.524644076824188
431,-110,386.93928718566895,144.4756031036377,262.85722255706787,-15.584546327590942
431,-110,386.7424488067627,146.3987112045288,263.10954093933105,-17.810288071632385
431,-110,386.6225004196167,148.3783721923828,263.2798194885254,-19.309164583683014
431,-110,386.42938137054443,150.3084659576416,263.5073184967041,-21.295727789402008
431,-110,386.3036870956421,152.36347913742065,263.8113498687744,-23.933352530002594
431,-110,386.13030910491943,154.34870719909668,264.03918266296387,-25.917327404022217
431,-110,385.9877824783325,156.31439685821533,264.2739534378052,-27.948909997940063
431,-110,385.8372926712036,158.2966446876526,264.50355052948,-29.92248833179474
431,-110,385.6891870498657,160.2647304534912,264.66219425201416,-31.267285346984863
431,-110,385.561728477478,162.20519542694092,265.0125980377197,-34.18743908405304
431,-110,385.40282249450684,164.2069935798645,265.1705026626587,-35.49918532371521
431,-110,385.2808475494385,166.16530418395996,265.33355712890625,-36.848556995391846
431,-110,385.1147651672363,168.1047797203064,265.64362049102783,-39.40901160240173
431,-110,384.9928855895996,170.0842261314392,265.8822298049927,-41.36112034320831
431,-110,384.80846881866455,172.11828231811523,266.21038913726807,-44.0060555934906
431,-110,384.6893787384033,174.13642406463623,266.4543628692627,-45.97790837287903
431,-110,384.54506397247314,176.12441778182983,266.6205644607544,-47.31414020061493
431,-110,384.41002368927,178.16166877746582,266.9606924057007,-49.998387694358826
431,-110,384.2927932739258,180.15577793121338,267.1349048614502,-51.356565952301025
431,-110,384.1347932815552,182.1373462677002,267.415714263916,-53.50743532180786
431,-110,384.0351343154907,184.10568237304688,267.69964694976807,-55.6476891040802
431,-110,383.87200832366943,186.10339164733887,267.9650068283081,-57.64486789703369
431,-110,383.7759017944336,188.0507230758667,268.24684143066406,-59.74198579788208
431,-110,383.63635540008545,190.00813961029053,268.5270071029663,-61.80868148803711
431,-110,383.5235834121704,191.99784994125366,268.7981843948364,-63.79485726356506
431,-110,383.4001064300537,193.91988515853882,269.0720319747925,-65.78577756881714
431,-110,383.29155445098877,195.95916271209717,269.35009956359863,-67.80422329902649
431,-110,383.17623138427734,198.03087711334229,269.53539848327637,-69.13794279098511
431,-110,383.0340623855591,200.01938343048096,269.865083694458,-71.49164080619812
431,-110,382.95040130615234,202.09033489227295,270.1476812362671,-73.48645329475403
431,-110,382.8181028366089,204.0348768234253,270.42853832244873,-75.45850872993469
431,-110,382.72931575775146,206.02736473083496,270.7083463668823,-77.42815613746643
431,-110,382.60343074798584,208.0754280090332,271.08962535858154,-80.11198043823242
431,-110,382.499361038208,210.00821590423584,271.3719367980957,-82.08127021789551
431,-110,382.3863983154297,211.9887113571167,271.5592861175537,-83.38658213615417
431,-110,382.2962284088135,213.96477222442627,271.94132804870605,-86.03193759918213
431,-110,382.198691368103,215.93687534332275,272.1323251724243,-87.34695315361023
431,-110,382.0686340332031,218.04840564727783,272.43566513061523,-89.42061066627502
431,-110,381.990385055542,220.0317621231079,272.7381706237793,-91.45601391792297
431,-110,381.8709373474121,221.99530601501465,273.1321096420288,-94.08172369003296
431,-110,381.7807197570801,223.9887237548828,273.3307361602783,-95.40072679519653
431,-110,381.64987564086914,225.92206001281738,273.73175621032715,-98.05864095687866
431,-110,381.55109882354736,227.99041271209717,274.0269422531128,-100.02092123031616
431,-110,381.45647048950195,229.94444370269775,274.23181533813477,-101.37737989425659
431,-110,381.34846687316895,231.884765625,274.55894947052,-103.53193283081055
431,-110,381.2600374221802,233.85906219482422,274.8307704925537,-105.31855821609497
431,-110,381.1387062072754,235.92336177825928,275.21491050720215,-107.82798528671265
431,-110,381.06279373168945,237.93256282806396,275.44965744018555,-109.34886932373047
431,-110,380.9549808502197,239.90836143493652,275.86703300476074,-112.03501224517822
431,-110,380.87289333343506,241.8797731399536,276.0798692703247,-113.38768005371094
431,-110,380.7669162750244,243.84043216705322,276.4957666397095,-116.01767539978027
431,-110,380.6769609451294,245.8289623260498,276.70395374298096,-117.32751131057739
431,-110,380.5894613265991,247.75092601776123,277.019739151001,-119.30196285247803
431,-110,380.48439025878906,249.81887340545654,277.3378372192383,-121.28373384475708
431,-110,380.4197072982788,251.6850471496582,277.7758836746216,-123.96914958953857
431,-110,380.3119421005249,253.73551845550537,278.09455394744873,-125.90211629867554
431,-110,380.2534341812134,255.71000576019287,278.3186912536621,-127.26321220397949
431,-110,380.1541328430176,257.67643451690674,278.75919342041016,-129.92256879806519
431,-110,380.08360862731934,259.7071409225464,278.9781332015991,-131.23834133148193
431,-110,380.00171184539795,261.7481231689453,279.4232368469238,-133.88667106628418
431,-110,379.9189805984497,263.7049198150635,279.6460151672363,-135.19667387008667
431,-110,379.8487186431885,265.6881809234619,279.9818515777588,-137.1652364730835
431,-110,379.76083755493164,267.6546335220337,280.3509473800659,-139.31299448013306
431,-110,379.70149517059326,269.62101459503174,280.6201457977295,-140.86670875549316
431,-110,379.6173572540283,271.573543548584,281.1089515686035,-143.669331073761
431,-110,379.57727909088135,273.5186576843262,281.34400844573975,-145.00032663345337
431,-110,379.4743061065674,275.5068063735962,281.8023443222046,-147.5924253463745
431,-110,379.44509983062744,277.5089502334595,282.04197883605957,-148.9431619644165
431,-110,379.3464422225952,279.57491874694824,282.51729011535645,-151.59651041030884
431,-110,379.3086051940918,281.5908670425415,282.7552318572998,-152.91928052902222
431,-110,379.23920154571533,283.553147315979,283.23731422424316,-155.5791139602661
431,-110,379.1768550872803,285.5201005935669,283.47456455230713,-156.88142776489258
431,-110,379.1267395019531,287.50391006469727,283.8355541229248,-158.86868238449097
431,-110,379.0433406829834,289.459228515625,284.1951370239258,-160.8407735824585
431,-110,379.0062189102173,291.44725799560547,284.55820083618164,-162.81737089157104
431,-110,378.92985343933105,293.40949058532715,284.9255323410034,-164.8086428642273
431,-110,378.89583110809326,295.45557498931885,285.2863073348999,-166.75220727920532
431,-110,378.80897521972656,297.4824905395508,285.64932346343994,-168.71336698532104
431,-110,378.7733316421509,299.5035409927368,286.1957788467407,-171.6418743133545
431,-110,378.69389057159424,301.4939546585083,286.44537925720215,-172.9650616645813
431,-110,378.6653518676758,303.4959077835083,286.8241786956787,-174.95675086975098
431,-110,378.61931324005127,305.4635286331177,287.19987869262695,-176.9078016281128
367,-262,378.5619020462036,307.456111907959,287.4532461166382,-178.21996212005615
367,-262,378.5255193710327,309.53197479248047,287.9612445831299,-180.85951805114746
367,-262,378.462553024292,311.3067150115967,288.4665012359619,-183.47125053405762
367,-262,378.4346580505371,313.46592903137207,288.7151002883911,-184.75340604782104
367,-262,378.36971282958984,315.4292106628418,289.2787456512451,-187.65031099319458
367,-262,378.3459186553955,317.47636795043945,289.53261375427246,-188.94948959350586
367,-262,378.29625606536865,319.490385055542,289.8167371749878,-190.41038751602173
367,-262,378.25281620025635,321.46008014678955,290.3351068496704,-193.06082725524902
367,-262,378.24389934539795,323.5172986984253,290.84718227386475,-195.66607475280762
367,-262,378.1787872314453,325.56633949279785,291.1047697067261,-196.96968793869019
367,-262,378.1733512878418,327.5054693222046,291.3628339767456,-198.2732057571411
367,-262,378.10370922088623,329.48336601257324,291.8802261352539,-200.88512897491455
367,-262,378.0923366546631,331.4435005187988,292.1926975250244,-202.45652198791504
367,-262,378.06735038757324,332.2681665420532,292.6842927932739,-204.9239158630371
367,-262,378.063702583313,332.26213455200195,292.7256107330322,-205.13505935668945
367,-262,378.066611289978,332.06191062927246,292.7471876144409,-205.2520513534546
367,-262,378.0851125717163,331.85346126556396,292.7475690841675,-205.25455474853516
367,-262,378.1260013580322,331.6157817840576,292.74799823760986,-205.25705814361572
367,-262,378.15282344818115,331.3643217086792,292.7471160888672,-205.2495002746582
367,-262,378.15401554107666,331.1846971511841,292.7459239959717,-205.23688793182373
367,-262,378.2024383544922,330.9833288192749,292.7462339401245,-205.24194240570068
367,-262,378.2674551010132,330.75995445251465,292.74635314941406,-205.24446964263916
390,-326,378.29198837280273,330.5243492126465,292.7462100982666,-205.23688793182373
390,-326,378.3540725708008,330.3140163421631,292.7462100982666,-205.23688793182373
390,-326,378.40611934661865,330.108904838562,292.7461862564087,-205.23688793182373
390,-326,378.48002910614014,329.90314960479736,292.74580478668213,-205.24699687957764
395,-324,378.52561473846436,329.70259189605713,292.7459239959717,-205.24446964263916
395,-324,378.5933017730713,329.5050859451294,292.74632930755615,-205.2394151687622
398,-321,378.6768436431885,329.3156623840332,292.7439212799072,-205.26206493377686
398,-321,378.75964641571045,329.1180610656738,292.7426338195801,-205.27210235595703
398,-321,378.8357973098755,328.92513275146484,292.7422761917114,-205.2746057510376
398,-321,378.9116621017456,328.7330627441406,292.7414655685425,-205.27961254119873
398,-321,379.01577949523926,328.5355567932129,292.74091720581055,-205.2820920944214
398,-321,379.110050201416,328.335976600647,292.7403926849365,-205.28457164764404
398,-321,379.23877239227295,328.0916213989258,292.7433252334595,-205.2722454071045
398,-321,379.3154239654541,327.9228687286377,292.74449348449707,-205.2673101425171
398,-321,379.44207191467285,327.74384021759033,292.74518489837646,-205.26487827301025
398,-321,379.5607328414917,327.5360584259033,292.74439811706543,-205.26728630065918
403,-343,379.6926736831665,327.3402214050293,292.7476406097412,-205.2576780319214
408,-327,379.77144718170166,327.19664573669434,292.74680614471436,-205.2600622177124
408,-327,379.9243211746216,327.0081043243408,292.74582862854004,-205.2623987197876
412,-321,380.0428867340088,326.83653831481934,292.7429676055908,-205.2694320678711
412,-321,380.1882028579712,326.6546964645386,292.74492263793945,-205.2647590637207
415,-331,380.2906274795532,326.5090227127075,292.7438497543335,-205.26704788208008
415,-331,380.4435729980469,326.3495683670044,292.7382707595825,-205.27842044830322
417,-340,380.5706739425659,326.2150049209595,292.73250102996826,-205.28969764709473
417,-340,380.7237386703491,326.04243755340576,292.73130893707275,-205.29193878173828
417,-340,380.84914684295654,325.899338722229,292.72754192352295,-205.2985429763794
417,-340,381.00640773773193,325.7575988769531,292.7250385284424,-205.30295372009277
417,-340,381.17756843566895,325.56302547454834,292.7251100540161,-205.3030014038086
417,-340,381.36885166168213,325.40457248687744,292.7321195602417,-205.2924633026123
417,-340,381.52124881744385,325.2465009689331,292.7394151687622,-205.2821397781372
417,-340,381.6909074783325,325.14238357543945,292.7349328994751,-205.28826713562012
440,-405,381.87592029571533,324.99821186065674,292.7318811416626,-205.29232025146484
428,-365,382.0622444152832,324.8418092727661,292.7429437637329,-205.27849197387695
423,-350,382.21657276153564,324.7413158416748,292.7445650100708,-205.27653694152832
418,-328,382.4050188064575,324.61228370666504,292.74446964263916,-205.2764654159546
418,-328,382.6124668121338,324.48136806488037,292.74446964263916,-205.2764654159546
420,-313,382.7920436859131,324.38035011291504,292.75147914886475,-205.26914596557617
420,-313,382.9747676849365,324.25947189331055,292.753267288208,-205.267333984375
427,-313,383.14208984375,324.1783380508423,292.74590015411377,-205.27429580688477
427,-313,383.34765434265137,324.05123710632324,292.7421569824219,-205.27770519256592
433,-315,383.51781368255615,323.96957874298096,292.74210929870605,-205.2776575088501
432,-316,383.7018013000488,323.90592098236084,292.7382230758667,-205.2809238433838
430,-318,383.90674591064453,323.7727642059326,292.73624420166016,-205.28252124786377
430,-320,384.1320037841797,323.6898422241211,292.73228645324707,-205.28569221496582
430,-320,384.3458414077759,323.5985994338989,292.7486181259155,-205.27372360229492
430,-320,384.5426321029663,323.54485988616943,292.75898933410645,-205.26647567749023
430,-320,384.76243019104004,323.46978187561035,292.75267124176025,-205.27067184448242
430,-320,384.9923372268677,323.40259552001953,292.763352394104,-205.26390075683594
430,-320,385.2109432220459,323.32448959350586,292.7741765975952,-205.25732040405273
430,-320,385.390305519104,323.2684373855591,292.7807331085205,-205.2535057067871
430,-320,385.6252193450928,323.2264757156372,292.7762985229492,-205.25596141815186
415,-338,385.82963943481445,323.17283153533936,292.77632236480713,-205.25600910186768
415,-338,386.00103855133057,323.17633628845215,292.7831172943115,-205.25264739990234
417,-345,386.24603748321533,323.1010913848877,292.78080463409424,-205.25367259979248
417,-345,386.401891708374,323.12066555023193,292.7738428115845,-205.25670051574707
418,-346,386.64698600769043,323.0351448059082,292.7691698074341,-205.2586317062378
418,-346,386.8882656097412,322.9923963546753,292.7738904953003,-205.25681972503662
420,-349,387.0384693145752,322.9841470718384,292.7572011947632,-205.26282787322998
420,-350,387.29498386383057,322.99084663391113,292.7476167678833,-205.26607036590576
421,-355,387.4779224395752,322.9696989059448,292.7452325820923,-205.26695251464844
420,-356,387.8396987915039,322.9552745819092,292.7525281906128,-205.26483058929443
421,-364,387.9460334777832,322.9620933532715,292.76227951049805,-205.2621841430664
421,-367,388.1425619125366,322.9703187942505,292.7548885345459,-205.26392459869385
422,-382,388.4021759033203,322.97356128692627,292.75736808776855,-205.26340007781982
422,-390,388.61896991729736,323.0023384094238,292.76976585388184,-205.26089668273926
422,-390,388.8465404510498,323.0006217956543,292.77474880218506,-205.25996685028076
420,-398,389.0570640563965,323.0508327484131,292.77474880218506,-205.25991916656494
420,-398,389.28349018096924,323.05777072906494,292.7722454071045,-205.2603006362915
420,-398,389.5059823989868,323.0785846710205,292.779803276062,-205.25953769683838
420,-398,389.7251844406128,323.1199026107788,292.77474880218506,-205.25994300842285
420,-398,389.9195909500122,323.16272258758545,292.76716709136963,-205.26039600372314
420,-398,390.1326656341553,323.2156276702881,292.7621126174927,-205.26065826416016
420,-398,389.60413932800293,323.1368064880371,292.76463985443115,-205.26058673858643
420,-398,387.82763481140137,322.7453947067261,291.23849868774414,-205.2779197692871
420,-398,385.9139919281006,322.33734130859375,289.0446186065674,-205.32753467559814
420,-398,383.9134216308594,321.9250440597534,286.9241952896118,-205.37772178649902
420,-398,381.98416233062744,321.527624130249,284.93285179138184,-205.4265022277832
420,-398,380.09233474731445,321.12905979156494,282.95671939849854,-205.4764747619629
420,-398,378.1038999557495,320.71290016174316,281.5878629684448,-205.5114984512329
420,-398,376.1664152145386,320.31190395355225,278.90098094940186,-205.5887222290039
420,-398,374.24023151397705,319.9183702468872,277.55513191223145,-205.63151836395264
420,-398,372.2121238708496,319.5093870162964,275.3442049026489,-205.70523738861084
420,-398,370.31683921813965,319.1263437271118,273.1435775756836,-205.78410625457764
420,-398,368.36085319519043,318.7213897705078,271.31991386413574,-205.85083961486816
420,-398,366.4438247680664,318.33412647247314,269.35720443725586,-205.92498779296875
420,-398,364.5419120788574,317.94652938842773,267.39211082458496,-206.00292682647705
420,-398,362.622332572937,317.562460899353,264.7315740585327,-206.10928535461426
420,-398,360.660719871521,317.1701431274414,263.3709669113159,-206.16445541381836
420,-398,358.6229085922241,316.7846918106079,261.3478422164917,-206.2483310699463
420,-398,356.68275356292725,316.36576652526855,259.3424320220947,-206.33206367492676
420,-398,354.71436977386475,316.0121440887451,258.01239013671875,-206.39123916625977
420,-398,352.8007745742798,315.6254529953003,255.31468391418457,-206.5176248550415
420,-398,350.83205699920654,315.25869369506836,252.98118591308594,-206.6295862197876
420,-398,348.9436626434326,314.88800048828125,251.65905952453613,-206.69479370117188
420,-398,346.94230556488037,314.5059823989868,249.988055229187,-206.7772388458252
420,-398,344.9610948562622,314.13207054138184,247.44746685028076,-206.90364837646484
420,-398,343.0286407470703,313.7524604797363,245.48091888427734,-207.00464248657227
420,-398,341.07987880706787,313.38512897491455,242.82164573669434,-207.13965892791748
420,-398,339.1300439834595,313.01121711730957,241.49208068847656,-207.20856189727783
420,-398,337.14025020599365,312.6389265060425,238.81549835205078,-207.35182762145996
420,-398,335.18311977386475,312.27357387542725,236.8065595626831,-207.46581554412842
420,-398,333.22839736938477,311.9208335876465,234.80544090270996,-207.58414268493652
420,-398,331.29165172576904,311.5617275238037,233.50682258605957,-207.66215324401855
420,-398,329.2327880859375,311.17682456970215,231.0889482498169,-207.8077793121338
420,-398,327.33023166656494,310.833740234375,228.98695468902588,-207.93511867523193
420,-398,325.3634214401245,310.4656934738159,227.25634574890137,-208.04028511047363
420,-398,323.4599828720093,310.1221799850464,224.5912790298462,-208.20691585540771
420,-398,321.51856422424316,309.75303649902344,223.29034805297852,-208.28886032104492
420,-398,319.54548358917236,309.40606594085693,221.26686573028564,-208.41479301452637
420,-398,317.6302909851074,309.03711318969727,218.5918092727661,-208.5843563079834
420,-398,315.6299829483032,308.68921279907227,216.61155223846436,-208.7116241455078
420,-398,313.6297941207886,308.32066535949707,214.58866596221924,-208.84692668914795
420,-398,311.6971492767334,307.9787492752075,213.0129337310791,-208.95416736602783
420,-398,309.78245735168457,307.63049125671387,211.21995449066162,-209.0749979019165
420,-398,307.8411102294922,307.2821855545044,208.53054523468018,-209.2573881149292
336,-336,305.93860149383545,306.93111419677734,207.1669101715088,-209.3500852584839
336,-336,303.9822816848755,306.5674066543579,204.48763370513916,-209.53266620635986
330,-344,302.0695686340332,306.2432050704956,203.16698551177979,-209.623122215271
330,-344,300.1178979873657,305.87236881256104,201.17712020874023,-209.7588300704956
325,-345,298.0701684951782,305.5138349533081,199.15684461593628,-209.89491939544678
325,-345,296.1655616760254,305.16836643218994,196.3539958000183,-210.08799076080322
321,-343,294.1807270050049,304.8042058944702,194.2255735397339,-210.23790836334229
321,-343,292.26675033569336,304.4581890106201,192.90528297424316,-210.33358573913574
319,-344,290.33217430114746,304.1161775588989,190.95652103424072,-210.4762315750122
318,-344,288.40832710266113,303.75614166259766,188.95721435546875,-210.62188148498535
316,-343,286.4866256713867,303.4112215042114,186.9882583618164,-210.76607704162598
316,-343,284.4684362411499,303.0683755874634,185.0218653678894,-210.91070175170898
314,-343,282.52930641174316,302.73656845092773,183.0251693725586,-211.05740070343018
312,-343,280.6246280670166,302.3839473724365,181.01074695587158,-211.2046241760254
310,-344,278.65450382232666,302.0256042480469,178.90034914016724,-211.35828495025635
308,-345,276.6686201095581,301.678466796875,176.91895961761475,-211.50593757629395
304,-345,274.78439807891846,301.345157623291,174.2945432662964,-211.70952320098877
302,-344,272.724986076355,301.02903842926025,172.96487092971802,-211.81535720825195
302,-344,270.8319664001465,300.69713592529297,170.93405723571777,-211.98031902313232
298,-344,268.8514471054077,300.3473997116089,168.95372867584229,-212.14163303375244
298,-344,266.9135093688965,300.02033710479736,166.2771224975586,-212.35957145690918
293,-344,265.0153160095215,299.6908187866211,164.9578332901001,-212.46814727783203
293,-344,263.0410432815552,299.38480854034424,162.47797012329102,-212.66977787017822
290,-348,261.0508680343628,299.0179777145386,160.48744916915894,-212.83071041107178
290,-348,259.09976959228516,298.68323802948,158.50698947906494,-212.99035549163818
288,-350,257.1425437927246,298.3448266983032,156.5088987350464,-213.1519079208374
286,-349,255.18991947174072,298.0224609375,154.49858903884888,-213.31920623779297
283,-347,253.25446128845215,297.6938009262085,152.54158973693848,-213.48614692687988
281,-346,251.28514766693115,297.3929166793823,151.2228012084961,-213.60065937042236
277,-345,249.40481185913086,297.0845937728882,148.59321117401123,-213.83380889892578
276,-346,247.35257625579834,296.7552661895752,147.0679521560669,-213.96970748901367
274,-346,245.40529251098633,296.42393589019775,144.85464096069336,-214.16912078857422
272,-347,243.51167678833008,296.12436294555664,143.0649757385254,-214.3320083618164
272,-347,241.5461778640747,295.8272695541382,140.40817022323608,-214.57335948944092
268,-344,239.61410522460938,295.5343961715698,138.42707872390747,-214.75510597229004
268,-344,237.6340389251709,295.17173767089844,137.09636926651,-214.87841606140137
264,-342,235.68551540374756,294.88656520843506,134.44021940231323,-215.12696743011475
264,-342,233.65354537963867,294.58134174346924,133.135187625885,-215.2529239654541
261,-340,231.67693614959717,294.3154573440552,130.4954171180725,-215.51308631896973
261,-340,229.70263957977295,294.0366268157959,128.36227416992188,-215.72675704956055
257,-336,227.80609130859375,293.7277555465698,126.20160579681396,-215.9449577331543
257,-335,225.87525844573975,293.4039831161499,124.22981262207031,-216.14410877227783
254,-327,223.89962673187256,293.1373357772827,122.23315238952637,-216.34891033172607
253,-326,221.9088315963745,292.8285837173462,120.25923728942871,-216.5522336959839
252,-328,219.91703510284424,292.5708770751953,118.24259757995605,-216.7607307434082
252,-332,218.04182529449463,292.25053787231445,116.26651287078857,-216.9675588607788
249,-333,215.9926176071167,291.9639587402344,114.49460983276367,-217.1558141708374
246,-333,213.9829158782959,291.6891098022461,113.15590143203735,-217.30082035064697
243,-331,212.07518577575684,291.40188694000244,110.60508489608765,-217.58406162261963
222,-328,210.13660430908203,291.0876512527466,109.03300046920776,-217.76013374328613
222,-328,208.13703536987305,290.83359241485596,106.5179705619812,-218.04463863372803
203,-324,206.1850070953369,290.58170318603516,104.5464038848877,-218.26953887939453
203,-324,204.26440238952637,290.3026819229126,102.55502462387085,-218.49942207336426
208,-322,202.23379135131836,290.02792835235596,100.54386854171753,-218.73455047607422
208,-322,200.28254985809326,289.7320508956909,99.24165606498718,-218.88689994812012
218,-321,198.33741188049316,289.4202947616577,96.56938314437866,-219.199800491333
218,-321,196.43903970718384,289.1979217529297,94.5635974407196,-219.43728923797607
220,-318,194.3802833557129,288.88471126556396,92.59831309318542,-219.67236995697021
220,-318,192.31687784194946,288.612699508667,91.13864302635193,-219.85092163085938
213,-319,190.3982639312744,288.37287425994873,88.26531767845154,-220.20890712738037
206,-318,188.4005308151245,288.1175994873047,86.92157864570618,-220.37625312805176
195,-313,186.49163246154785,287.850546836853,84.29211378097534,-220.70581912994385
198,-315,184.4914674758911,287.58792877197266,82.34078288078308,-220.95072269439697
199,-313,182.48852491378784,287.3119115829468,80.32431602478027,-221.20509147644043
178,-314,180.54407835006714,287.03837394714355,78.34054231643677,-221.4557409286499
162,-314,178.4793257713318,286.782169342041,76.33646130561829,-221.70720100402832
162,-315,176.53822898864746,286.5135669708252,74.32512640953064,-221.9618320465088
157,-315,174.56635236740112,286.270809173584,72.35696315765381,-222.21484184265137
176,-316,172.5336194038391,285.9913110733032,69.71431374549866,-222.56088256835938
176,-316,170.57411670684814,285.7778549194336,68.39949488639832,-222.73485660552979
180,-315,168.64644289016724,285.4725122451782,66.43726229667664,-222.99416065216064
180,-315,166.6585922241211,285.2196931838989,64.43471908569336,-223.25758934020996
157,-317,164.7506594657898,284.9629878997803,63.119858503341675,-223.43125343322754
157,-317,162.69960403442383,284.6693992614746,60.4799747467041,-223.77898693084717
132,-317,160.74312925338745,284.40518379211426,59.13490653038025,-223.95591735839844
131,-317,158.80290269851685,284.11405086517334,56.750690937042236,-224.26767349243164
118,-319,156.82255029678345,283.88473987579346,54.71988320350647,-224.52962398529053
118,-318,154.91055250167847,283.5630416870117,52.01956033706665,-224.88365173339844
112,-314,152.8890609741211,283.31289291381836,50.734955072402954,-225.0544309616089
111,-313,150.99135637283325,283.03730487823486,48.085817694664,-225.40934085845947
106,-311,149.0541696548462,282.7686309814453,46.76899313926697,-225.58741569519043
108,-310,146.98729515075684,282.5080394744873,44.8024719953537,-225.8528709411621
105,-307,145.02291679382324,282.2305679321289,42.685556411743164,-226.13942623138428
106,-306,143.08193922042847,281.9800615310669,41.098201274871826,-226.35679244995117
106,-306,141.19939804077148,281.6868305206299,37.622442841529846,-226.8317699432373
103,-305,139.07275199890137,281.4379930496216,36.29838228225708,-227.0129919052124
103,-305,137.08202838897705,281.1978340148926,34.339940547943115,-227.2815227508545
97,-311,135.7188105583191,280.9925079345703,32.30412006378174,-227.56330966949463
97,-311,135.74460744857788,281.0011386871338,31.637361645698547,-227.6566743850708
98,-313,135.94855070114136,281.02221488952637,31.567075848579407,-227.66575813293457
98,-313,136.13709211349487,281.0380697250366,31.569594144821167,-227.66551971435547
107,-312,136.35789155960083,281.1072826385498,31.564557552337646,-227.66599655151367
108,-311,136.57974004745483,281.1509132385254,31.567084789276123,-227.6658296585083
122,-307,136.7876648902893,281.2124252319336,31.57466948032379,-227.66549587249756
131,-306,136.99572086334229,281.27899169921875,31.579729914665222,-227.6653528213501
147,-306,137.21340894699097,281.34541511535645,31.58479332923889,-227.6653528213501
150,-306,137.4055027961731,281.4343452453613,31.577202677726746,-227.66518592834473
157,-306,137.60476112365723,281.4948081970215,31.56961500644684,-227.66485214233398
153,-306,137.7917766571045,281.56867027282715,31.569617986679077,-227.66482830047607
155,-305,138.00870180130005,281.6612958908081,31.56205415725708,-227.6641607284546
149,-307,138.19888830184937,281.79943561553955,31.569600105285645,-227.66499519348145
149,-307,138.4009838104248,281.86323642730713,31.582146883010864,-227.66666412353516
142,-311,138.60995769500732,281.9671392440796,31.592166423797607,-227.66811847686768
142,-311,138.84732723236084,282.0627689361572,31.594640016555786,-227.6686429977417
142,-311,139.04794454574585,282.1592092514038,31.602072715759277,-227.67019271850586
142,-311,139.2263650894165,282.2985887527466,31.607013940811157,-227.67128944396973
142,-311,139.44292068481445,282.3954105377197,31.604576110839844,-227.67059803009033
142,-311,139.5918846130371,282.5021028518677,31.602129340171814,-227.66995429992676
142,-311,139.7737979888916,282.6375484466553,31.60211145877838,-227.67000198364258
142,-311,139.9493932723999,282.7657222747803,31.602108478546143,-227.67000198364258
142,-311,140.17231464385986,282.9346179962158,31.597331166267395,-227.66833305358887
142,-311,140.33727645874023,283.06167125701904,31.592580676078796,-227.66659259796143
142,-311,140.47900438308716,283.1923484802246,31.57845437526703,-227.66101360321045
142,-311,140.6350016593933,283.29763412475586,31.573808193206787,-227.6589870452881
142,-311,140.77390432357788,283.4341764450073,31.564587354660034,-227.6548147201538
142,-311,140.92661142349243,283.6022615432739,31.555399298667908,-227.6505470275879
142,-311,141.08679294586182,283.7646961212158,31.559905409812927,-227.6528835296631
142,-311,141.25224351882935,283.9280128479004,31.566613912582397,-227.6564359664917
142,-311,141.36821031570435,284.0855598449707,31.568846106529236,-227.6576280593872
142,-311,141.52705669403076,284.274697303772,31.566649675369263,-227.65636444091797
142,-311,141.65607690811157,284.4704866409302,31.581667065620422,-227.66578197479248
142,-311,141.8468952178955,284.61410999298096,31.585904955863953,-227.66854763031006
142,-311,141.9804573059082,284.80052947998047,31.58591389656067,-227.66854763031006
142,-311,142.0952558517456,284.96482372283936,31.57968819141388,-227.6642084121704
142,-311,142.19950437545776,285.17160415649414,31.57968819141388,-227.6642084121704
142,-311,142.35284328460693,285.3309631347656,31.58371150493622,-227.66728401184082
142,-311,142.46866703033447,285.49766540527344,31.581753492355347,-227.66568660736084
142,-311,142.55945682525635,285.7173681259155,31.5778911113739,-227.66242027282715
142,-311,142.6799178123474,285.8729362487793,31.57600462436676,-227.66072750091553
142,-311,142.80420541763306,286.04211807250977,31.579720973968506,-227.6641607284546
158,-292,142.88132190704346,286.21716499328613,31.56159818172455,-227.64649391174316
158,-292,142.96292066574097,286.4200830459595,31.549212336540222,-227.63383388519287
158,-292,143.02682876586914,286.63158416748047,31.55091404914856,-227.63571739196777
158,-292,143.14709901809692,286.8461847305298,31.56105875968933,-227.6470184326172
158,-292,143.23346614837646,286.97736263275146,31.559428572654724,-227.64508724212646
158,-292,143.30905675888062,287.2671604156494,31.557810306549072,-227.64315605163574
158,-292,143.36576461791992,287.45646476745605,31.565627455711365,-227.6531219482422
158,-292,143.45483779907227,287.6698970794678,31.570139527320862,-227.6592254638672
158,-292,143.48100423812866,287.8453016281128,31.567171216011047,-227.65512466430664
158,-292,143.55807304382324,288.0466938018799,31.5614253282547,-227.646803855896
158,-292,143.62683296203613,288.3233070373535,31.562799215316772,-227.64892578125
158,-292,143.68339776992798,288.4654760360718,31.564095616340637,-227.65109539031982
158,-292,143.77315044403076,288.72575759887695,31.557723879814148,-227.64015197753906
158,-292,143.70733499526978,288.85324001312256,31.55646026134491,-227.63795852661133
158,-292,143.83970499038696,289.1471862792969,31.557628512382507,-227.64019966125488
158,-292,143.87221336364746,289.3681526184082,31.557610630989075,-227.64019966125488
158,-292,143.89792680740356,289.59195613861084,31.555461883544922,-227.63559818267822
158,-292,143.93621683120728,289.75987434387207,31.54711127281189,-227.61714458465576
158,-292,143.93154382705688,290.02490043640137,31.547093391418457,-227.61714458465576
158,-292,143.95006895065308,290.242862701416,31.55272603034973,-227.63123512268066
158,-292,143.9755082130432,290.49482345581055,31.555360555648804,-227.6383638381958
158,-292,143.94230842590332,290.66615104675293,31.55618906021118,-227.64074802398682
158,-292,143.98856163024902,290.88943004608154,31.558522582054138,-227.6479721069336
102,-336,144.00657415390015,291.14038944244385,31.563687324523926,-227.66494750976562
102,-336,143.98800134658813,291.33920669555664,31.565093994140625,-227.6698112487793
86,-336,143.9053177833557,291.615891456604,31.56381845474243,-227.6648998260498
86,-336,143.95712614059448,291.8032169342041,31.56612515449524,-227.6747703552246
81,-334,143.9523696899414,292.00587272644043,31.568661332130432,-227.6871681213379
82,-333,143.8700556755066,292.1605348587036,31.567755341529846,-227.68218517303467
88,-329,143.8359022140503,292.42117404937744,31.567329168319702,-227.6796817779541
91,-329,143.79186630249023,292.6119565963745,31.567689776420593,-227.68218517303467
100,-328,143.74293088912964,292.83223152160645,31.568557024002075,-227.68971920013428
104,-327,143.71260404586792,293.0473804473877,31.567195057868958,-227.67460346221924
112,-322,143.65053176879883,293.2676076889038,31.56646490097046,-227.66449451446533
114,-320,143.59365701675415,293.4528589248657,31.566444039344788,-227.6670217514038
118,-319,143.5433864593506,293.6622142791748,31.566497683525085,-227.66954898834229
117,-320,143.46343278884888,293.9175605773926,31.566479802131653,-227.6670217514038
118,-321,143.3650016784668,294.1436290740967,31.566345691680908,-227.67460346221924
112,-327,143.34242343902588,294.2288637161255,31.56619369983673,-227.6796579360962
112,-327,143.8374638557434,292.7788257598877,31.606590747833252,-227.00252532958984
86,-360,144.49760913848877,290.89465141296387,31.667926907539368,-225.78916549682617
86,-360,145.12147903442383,288.9725685119629,31.787970662117004,-222.9417085647583
91,-351,145.73378562927246,287.14449405670166,31.866377592086792,-220.9158420562744
91,-351,146.38524055480957,285.2165460586548,31.9408118724823,-218.91515254974365
103,-335,147.03906774520874,283.3266496658325,32.00988173484802,-216.9395923614502
103,-335,147.6909637451172,281.3695192337036,32.07743167877197,-214.95890617370605
110,-322,148.31947088241577,279.4576406478882,32.14637041091919,-212.93268203735352
111,-320,148.94485473632812,277.63493061065674,32.18891620635986,-211.60454750061035
114,-308,149.54774379730225,275.7227420806885,32.27668106555939,-208.81164073944092
115,-306,150.24330615997314,273.7541913986206,32.32222497463226,-207.30888843536377
117,-299,150.8487105369568,271.88923358917236,32.40017294883728,-204.61950302124023
118,-298,151.46552324295044,269.9615955352783,32.43898153305054,-203.27858924865723
121,-293,152.0793080329895,268.0542469024658,32.511892914772034,-200.53586959838867
121,-293,152.7076244354248,266.1747217178345,32.560816407203674,-198.53945970535278
121,-293,153.34903001785278,264.1551733016968,32.5932115316391,-197.19585180282593
124,-289,153.96926403045654,262.2774124145508,32.65759348869324,-194.35672760009766
125,-284,154.6086311340332,260.3926420211792,32.686373591423035,-193.06113719940186
125,-282,155.16995191574097,258.49897861480713,32.738083600997925,-190.5128836631775
125,-282,155.80562353134155,256.6114664077759,32.77060687541962,-188.68321180343628
124,-278,156.3969612121582,254.72450256347656,32.80525505542755,-186.70928478240967
124,-278,157.01324939727783,252.84464359283447,32.83887803554535,-184.70748662948608
124,-276,157.57439136505127,250.97169876098633,32.86101818084717,-183.34848880767822
124,-276,158.21973085403442,249.03571605682373,32.90153443813324,-180.64560890197754
126,-271,158.8207244873047,247.15993404388428,32.93435573577881,-177.9552698135376
126,-271,159.4351291656494,245.08898258209229,32.957690954208374,-175.97358226776123
126,-265,160.05457639694214,243.2281255722046,32.97220468521118,-174.62459802627563
125,-264,160.5772614479065,241.47708415985107,32.992884516716,-172.6656675338745
125,-261,161.23998165130615,239.51079845428467,33.01381170749664,-170.69660425186157
125,-261,161.8452548980713,237.55030632019043,33.03508162498474,-168.0162787437439
125,-261,162.40466833114624,235.68212985992432,33.04491341114044,-166.60650968551636
128,-256,162.99800872802734,233.79416465759277,33.05826485157013,-164.61713314056396
128,-253,163.56303691864014,231.93395137786865,33.068156242370605,-162.5644564628601
129,-253,164.1824722290039,229.98652458190918,33.07545781135559,-160.54973602294922
130,-250,164.71993923187256,228.10497283935547,33.07867348194122,-158.50211381912231
132,-249,165.2781844139099,226.26988887786865,33.07803273200989,-156.48486614227295
132,-249,165.89123010635376,224.28841590881348,33.07667076587677,-154.39167022705078
131,-247,166.50711297988892,222.40993976593018,33.07579755783081,-152.58700847625732
131,-247,166.98883771896362,220.61076164245605,33.0730140209198,-150.3748655319214
128,-241,167.61934757232666,218.6537504196167,33.067718148231506,-148.38039875030518
128,-241,168.197762966156,216.78452491760254,33.055633306503296,-145.7506537437439
129,-235,168.74665021896362,214.9040937423706,33.049532771110535,-144.42691802978516
129,-235,169.29131746292114,213.07754516601562,33.038777112960815,-142.42486953735352
129,-230,169.92655992507935,211.02101802825928,33.02397131919861,-140.40513038635254
130,-230,170.4898476600647,209.06493663787842,33.007898926734924,-138.3752703666687
131,-226,171.02563381195068,207.19242095947266,32.98801779747009,-136.3732933998108
132,-225,171.59124612808228,205.31847476959229,32.96562433242798,-134.3637466430664
133,-222,172.13146686553955,203.43751907348633,32.94803500175476,-132.8376054763794
131,-222,172.74229526519775,201.57732963562012,32.90363252162933,-129.5551061630249
130,-221,173.31974506378174,199.56790208816528,32.88281261920929,-128.2163381576538
128,-221,173.86159896850586,197.69901037216187,32.85004198551178,-126.229727268219
128,-221,174.42193031311035,195.8401322364807,32.81622529029846,-124.23045635223389
121,-217,174.9633550643921,193.90109777450562,32.781773805618286,-122.22615480422974
121,-217,175.54640769958496,191.9538974761963,32.74579644203186,-120.16111612319946
129,-211,176.07179880142212,190.02423286437988,32.70693123340607,-118.13156604766846
129,-211,176.65762901306152,188.04636001586914,32.66509771347046,-116.00841283798218
142,-206,177.2099256515503,186.14493608474731,32.62425363063812,-114.07257318496704
142,-206,177.76405811309814,184.2677354812622,32.593002915382385,-112.64538764953613
140,-200,178.32555770874023,182.33619928359985,32.53093659877777,-109.89987850189209
140,-199,178.8387894630432,180.5508255958557,32.48103857040405,-107.77943134307861
141,-193,179.38305139541626,178.59492301940918,32.44960606098175,-106.45606517791748
144,-193,179.90128993988037,176.77252292633057,32.38530158996582,-103.8118839263916
147,-190,180.47125339508057,174.86379146575928,32.33559429645538,-101.83067321777344
139,-190,181.0376524925232,172.841215133667,32.30127394199371,-100.44913291931152
131,-189,181.64527416229248,170.92766761779785,32.227715849876404,-97.7520227432251
127,-189,182.16184377670288,168.98387670516968,32.188865542411804,-96.44656777381897
123,-186,182.81893730163574,167.0565962791443,32.12268352508545,-94.20755505561829
123,-185,183.35254192352295,165.20795822143555,32.06303119659424,-92.18864440917969
123,-185,183.98160934448242,163.25929164886475,32.00496733188629,-90.05321264266968
126,-181,184.41952466964722,161.4371657371521,31.952255964279175,-88.13032507896423
126,-181,184.94024276733398,159.68306064605713,31.893998384475708,-86.03034615516663
131,-178,185.43291091918945,157.77820348739624,31.845924258232117,-84.16556715965271
131,-178,185.95563173294067,155.92788457870483,31.793296337127686,-82.00467824935913
135,-171,186.47195100784302,154.06302213668823,31.727322936058044,-79.10988926887512
135,-170,187.15040683746338,152.0394206047058,31.688541173934937,-77.50566005706787
138,-166,187.6932144165039,150.16783475875854,31.653866171836853,-76.1367917060852
139,-166,188.16967010498047,148.32613468170166,31.58138394355774,-73.3966052532196
146,-160,188.705313205719,146.47014141082764,31.545719504356384,-72.05561399459839
149,-159,189.27510976791382,144.575297832489,31.49200975894928,-70.06185054779053
155,-155,189.82009887695312,142.70023107528687,31.41951560974121,-67.45333075523376
156,-155,190.36962985992432,140.70709943771362,31.3788503408432,-66.13020896911621
159,-153,191.00364446640015,138.763165473938,31.335851550102234,-64.79449272155762
159,-153,191.54800176620483,136.96099519729614,31.22740387916565,-61.1488401889801
162,-151,192.0376181602478,135.09831428527832,31.188401579856873,-59.790217876434326
160,-151,192.8051471710205,133.01560878753662,31.13424777984619,-57.793933153152466
160,-151,193.3699607849121,131.0584545135498,31.075438857078552,-55.76740503311157
160,-146,193.98040771484375,129.1523814201355,31.014326214790344,-53.776389360427856
160,-146,194.57963705062866,127.2300124168396,30.954447388648987,-51.78787112236023
165,-135,195.12494802474976,125.4193663597107,30.9140682220459,-50.416624546051025
165,-135,195.57373523712158,123.74016046524048,30.822476744651794,-46.87938392162323
168,-127,195.99955081939697,122.29447364807129,30.80192506313324,-45.54314315319061
168,-127,196.4446783065796,120.87264060974121,30.82095980644226,-42.921119928359985
170,-122,197.12144136428833,119.09281015396118,30.890753865242004,-40.86964428424835
168,-122,197.77296781539917,117.28981733322144,30.980390310287476,-38.74797224998474
166,-120,198.45647811889648,115.53595066070557,31.03727698326111,-37.40771412849426
165,-120,199.09522533416748,113.73059749603271,31.155437231063843,-34.61591601371765
166,-116,199.83831644058228,111.79372072219849,31.210047006607056,-33.283162117004395
166,-118,200.52189826965332,110.02030372619629,31.27237856388092,-31.740468740463257
164,-123,201.25017166137695,108.04052352905273,31.37807548046112,-29.01402711868286
168,-128,201.88305377960205,106.28958940505981,31.451568007469177,-27.038630843162537
170,-128,202.61216163635254,104.30420637130737,31.52308464050293,-25.06822645664215
167,-121,203.31439971923828,102.37298011779785,31.59136176109314,-23.077446222305298
168,-117,203.98907661437988,100.58435201644897,31.677892804145813,-20.459218323230743
174,-115,204.65359687805176,98.61921072006226,31.72229528427124,-19.121019542217255
174,-115,205.3377866744995,96.72756791114807,31.78815245628357,-17.079509794712067
184,-109,206.06157779693604,94.71929669380188,31.854447722434998,-14.93925154209137
184,-109,206.72039985656738,92.84554123878479,31.93504810333252,-12.166371941566467
189,-91,207.3641300201416,91.10597968101501,31.971800327301025,-10.840600728988647
189,-91,207.98089504241943,89.25620913505554,32.045406103134155,-8.176402002573013
194,-80,208.73470306396484,87.26213574409485,32.080939412117004,-6.8581946194171906
194,-80,209.3545436859131,85.40069460868835,32.149216532707214,-4.22423742711544
197,-71,210.03131866455078,83.55439901351929,32.18286633491516,-2.9034484177827835
197,-67,210.66007614135742,81.77470564842224,32.23154544830322,-0.8893060497939587
196,-60,211.33427619934082,79.89586591720581,32.27829337120056,1.102096401154995
194,-63,211.98744773864746,77.97017097473145,32.31272995471954,2.5469262152910233
193,-63,212.69867420196533,76.09662413597107,32.37408995628357,5.325360596179962
193,-64,213.29712867736816,74.14305806159973,32.40152299404144,6.658951938152313
193,-63,213.9880657196045,72.32061624526978,32.45375156402588,9.351501613855362
191,-58,214.5498752593994,70.50217986106873,32.479581236839294,10.761070251464844
189,-54,215.29901027679443,68.60823035240173,32.52767026424408,13.408130407333374
190,-56,215.87181091308594,66.76530838012695,32.549598813056946,14.726634323596954
190,-56,216.6215419769287,64.8409903049469,32.59276747703552,17.68767088651657
191,-57,217.21389293670654,62.936949729919434,32.61253833770752,19.066962599754333
191,-57,217.759108543396,61.166149377822876,32.6502799987793,21.729379892349243
193,-56,218.5410499572754,59.28428769111633,32.671570777893066,23.151680827140808
193,-56,219.14095878601074,57.37326145172119,32.70123302936554,25.186443328857422
193,-52,219.80619430541992,55.52787780761719,32.725852727890015,27.18583643436432
192,-51,220.47302722930908,53.55722904205322,32.74892270565033,29.220682382583618
193,-41,221.14386558532715,51.70028209686279,32.77200758457184,31.316280364990234
193,-38,221.67716026306152,50.19155740737915,32.78679549694061,32.645007967948914
195,-30,221.67096138000488,50.103747844696045,32.81144201755524,34.57858860492706
196,-34,221.606707572937,50.304555892944336,32.813760638237,34.68739986419678
196,-41,221.5996503829956,50.493139028549194,32.8149139881134,34.717750549316406
196,-47,221.4233636856079,50.647640228271484,32.815879583358765,34.73290503025055
196,-52,221.24450206756592,50.85793733596802,32.816267013549805,34.737953543663025
195,-57,221.25427722930908,51.04907155036926,32.81465768814087,34.72285270690918
195,-57,221.18687629699707,51.28665566444397,32.81430006027222,34.720346331596375
193,-59,221.0073471069336,51.42515301704407,32.815054059028625,34.72535312175751
193,-59,220.88723182678223,51.64669752120972,32.813215255737305,34.71539616584778
193,-53,220.84648609161377,51.8451988697052,32.81122446060181,34.70546901226044
193,-53,220.6576108932495,52.02367901802063,32.81015753746033,34.70052182674408
192,-47,220.49367427825928,52.145469188690186,32.8119158744812,34.70790982246399
192,-47,220.44260501861572,52.35046148300171,32.81261920928955,34.710341691970825
191,-44,220.25694847106934,52.602314949035645,32.81119167804718,34.70548391342163
191,-44,220.10161876678467,52.756088972091675,32.81041979789734,34.703072905540466
185,-34,219.96517181396484,52.90965437889099,32.81444609165192,34.715068340301514
185,-31,219.87128257751465,53.08462381362915,32.81528949737549,34.71745550632477
183,-14,219.68040466308594,53.24062705039978,32.81426727771759,34.71513390541077
183,-16,219.53747272491455,53.40172052383423,32.81426727771759,34.71513390541077
182,-21,219.41344738006592,53.53004336357117,32.824498414993286,34.73828136920929
182,-24,219.23589706420898,53.65999937057495,32.82555341720581,34.74058210849762
182,-24,219.0939426422119,53.822487592697144,32.82553553581238,34.7405880689621
180,-30,218.9586639404297,53.980523347854614,32.82204270362854,34.733846783638
180,-30,218.77288818359375,54.108476638793945,32.823246717453,34.73607301712036
181,-35,218.57988834381104,54.260092973709106,32.82070457935333,34.73169505596161
181,-35,218.42076778411865,54.41015958786011,32.81680643558502,34.72517728805542
182,-46,218.31023693084717,54.519134759902954,32.81004726886749,34.71447825431824
182,-46,218.08650493621826,54.670536518096924,32.814306020736694,34.7207635641098
180,-52,217.8389072418213,54.766738414764404,32.80845284461975,34.71250236034393
180,-52,217.61207580566406,54.92642521858215,32.80389904975891,34.70642566680908
178,-48,217.47756004333496,55.001187324523926,32.802411913871765,34.70437526702881
178,-47,217.38438606262207,55.096811056137085,32.80397653579712,34.706369042396545
175,-43,217.1640157699585,55.23115396499634,32.80232548713684,34.70444977283478
175,-43,216.92767143249512,55.355530977249146,32.79898464679718,34.70064997673035
173,-41,216.66193008422852,55.432283878326416,32.79727101325989,34.698787331581116
172,-40,216.5564775466919,55.49783110618591,32.80958533287048,34.71152484416962
164,-41,216.31863117218018,55.58580160140991,32.81314969062805,34.71511900424957
159,-43,216.22962951660156,55.69177269935608,32.81130492687225,34.71338748931885
155,-44,216.01428985595703,55.77120780944824,32.81322419643402,34.715038537979126
164,-46,215.74392318725586,55.880796909332275,32.813212275505066,34.71505045890808
165,-47,215.42465686798096,55.924034118652344,32.80348479747772,34.70695912837982
171,-46,215.36786556243896,55.99468946456909,32.795554399490356,34.70066785812378
171,-46,215.08264541625977,56.06682896614075,32.787492871284485,34.69454646110535
170,-41,214.87927436828613,56.105077266693115,32.79152810573578,34.697604179382324
170,-41,214.65215682983398,56.15430474281311,32.793617248535156,34.699031710624695
175,-31,214.45729732513428,56.22885227203369,32.791563868522644,34.69754457473755
175,-31,214.22793865203857,56.22723698616028,32.79158174991608,34.69751477241516
178,-26,214.04495239257812,56.286460161209106,32.80024230480194,34.702762961387634
178,-26,213.8693332672119,56.32185339927673,32.8046441078186,34.70526039600372
179,-23,213.61024379730225,56.345146894454956,32.79573917388916,34.70044434070587
179,-22,213.40398788452148,56.35070204734802,32.804787158966064,34.70498323440552
179,-21,213.2068395614624,56.36036992073059,32.81618356704712,34.710487723350525
178,-22,213.0051851272583,56.39551281929016,32.825395464897156,34.71469283103943
178,-23,212.7668857574463,56.39321208000183,32.827723026275635,34.71568822860718
178,-25,212.6079797744751,56.39497637748718,32.83713161945343,34.71943140029907
177,-28,212.3622179031372,56.377965211868286,32.84423351287842,34.722116589546204
176,-30,212.11163997650146,56.37573003768921,32.82992243766785,34.71703827381134
175,-31,211.8715763092041,56.3723623752594,32.8227162361145,34.714651107788086
175,-27,211.6349458694458,56.40040040016174,32.817888259887695,34.71313714981079
175,-27,211.48364543914795,56.35247826576233,32.82518684864044,34.715235233306885
178,-18,211.21859550476074,56.30068778991699,32.820287346839905,34.71395969390869
